Geography,Estimate..Total..race.and.ethnicity..Total..both.sexes...Number
"Autauga County, Alabama",30
"Baldwin County, Alabama",215
"Blount County, Alabama",225
"Calhoun County, Alabama",150
"Coffee County, Alabama",390
"Colbert County, Alabama",110
"Cullman County, Alabama",560
"Dale County, Alabama",75
"DeKalb County, Alabama",490
"Elmore County, Alabama",55
"Etowah County, Alabama",110
"Houston County, Alabama",250
"Jackson County, Alabama",105
"Jefferson County, Alabama",105
"Lauderdale County, Alabama",120
"Lee County, Alabama",115
"Limestone County, Alabama",135
"Madison County, Alabama",350
"Marshall County, Alabama",205
"Mobile County, Alabama",240
"Montgomery County, Alabama",190
"Morgan County, Alabama",115
"Russell County, Alabama",50
"St. Clair County, Alabama",120
"Shelby County, Alabama",110
"Talladega County, Alabama",190
"Tuscaloosa County, Alabama",105
"Walker County, Alabama",85
"Anchorage Municipality, Alaska",60
"Fairbanks North Star Borough, Alaska",20
"Kenai Peninsula Borough, Alaska",35
"Matanuska-Susitna Borough, Alaska",70
"Apache County, Arizona",65
"Cochise County, Arizona",395
"Coconino County, Arizona",40
"Gila County, Arizona",70
"Maricopa County, Arizona",1235
"Mohave County, Arizona",100
"Navajo County, Arizona",90
"Pima County, Arizona",255
"Pinal County, Arizona",480
"Yavapai County, Arizona",275
"Yuma County, Arizona",380
"Benton County, Arkansas",985
"Craighead County, Arkansas",380
"Crawford County, Arkansas",105
"Crittenden County, Arkansas",230
"Faulkner County, Arkansas",80
"Garland County, Arkansas",65
"Jefferson County, Arkansas",145
"Lonoke County, Arkansas",385
"Pope County, Arkansas",300
"Pulaski County, Arkansas",280
"Saline County, Arkansas",30
"Sebastian County, Arkansas",175
"Washington County, Arkansas",820
"White County, Arkansas",345
"Alameda County, California",340
"Butte County, California",825
"Contra Costa County, California",300
"El Dorado County, California",135
"Fresno County, California",3155
"Humboldt County, California",505
"Imperial County, California",545
"Kern County, California",1660
"Kings County, California",705
"Lake County, California",225
"Los Angeles County, California",2050
"Madera County, California",620
"Marin County, California",265
"Mendocino County, California",440
"Merced County, California",1195
"Monterey County, California",1110
"Napa County, California",795
"Nevada County, California",145
"Orange County, California",470
"Placer County, California",320
"Riverside County, California",1630
"Sacramento County, California",740
"San Benito County, California",260
"San Bernardino County, California",600
"San Diego County, California",1485
"San Francisco County, California",210
"San Joaquin County, California",1715
"San Luis Obispo County, California",1105
"San Mateo County, California",335
"Santa Barbara County, California",1475
"Santa Clara County, California",840
"Santa Cruz County, California",485
"Shasta County, California",280
"Solano County, California",265
"Sonoma County, California",1205
"Stanislaus County, California",1950
"Sutter County, California",375
"Tehama County, California",405
"Tulare County, California",2500
"Tuolumne County, California",135
"Ventura County, California",1160
"Yolo County, California",430
"Yuba County, California",205
"Adams County, Colorado",345
"Arapahoe County, Colorado",145
"Boulder County, Colorado",300
"Broomfield County, Colorado",15
"Denver County, Colorado",175
"Douglas County, Colorado",100
"Eagle County, Colorado",140
"El Paso County, Colorado",360
"Garfield County, Colorado",100
"Jefferson County, Colorado",370
"La Plata County, Colorado",155
"Larimer County, Colorado",655
"Mesa County, Colorado",415
"Pueblo County, Colorado",355
"Weld County, Colorado",1610
"Fairfield County, Connecticut",295
"Hartford County, Connecticut",395
"Litchfield County, Connecticut",400
"Middlesex County, Connecticut",40
"New Haven County, Connecticut",220
"New London County, Connecticut",150
"Tolland County, Connecticut",170
"Windham County, Connecticut",90
"Kent County, Delaware",345
"New Castle County, Delaware",95
"Sussex County, Delaware",950
"District of Columbia, District of Columbia",110
"Alachua County, Florida",425
"Bay County, Florida",55
"Brevard County, Florida",220
"Broward County, Florida",235
"Charlotte County, Florida",60
"Citrus County, Florida",250
"Clay County, Florida",50
"Collier County, Florida",335
"Columbia County, Florida",40
"Duval County, Florida",140
"Escambia County, Florida",80
"Flagler County, Florida",60
"Hernando County, Florida",80
"Highlands County, Florida",185
"Hillsborough County, Florida",1080
"Indian River County, Florida",140
"Lake County, Florida",345
"Lee County, Florida",300
"Leon County, Florida",110
"Manatee County, Florida",305
"Marion County, Florida",870
"Martin County, Florida",110
"Miami-Dade County, Florida",935
"Monroe County, Florida",155
"Nassau County, Florida",20
"Okaloosa County, Florida",20
"Orange County, Florida",525
"Osceola County, Florida",160
"Palm Beach County, Florida",670
"Pasco County, Florida",210
"Pinellas County, Florida",170
"Polk County, Florida",615
"Putnam County, Florida",205
"St. Johns County, Florida",140
"St. Lucie County, Florida",150
"Santa Rosa County, Florida",45
"Sarasota County, Florida",50
"Seminole County, Florida",130
"Sumter County, Florida",200
"Volusia County, Florida",270
"Walton County, Florida",35
"Barrow County, Georgia",70
"Bartow County, Georgia",215
"Bibb County, Georgia",15
"Bulloch County, Georgia",175
"Camden County, Georgia",4
"Carroll County, Georgia",215
"Catoosa County, Georgia",110
"Chatham County, Georgia",105
"Cherokee County, Georgia",40
"Clarke County, Georgia",80
"Clayton County, Georgia",45
"Cobb County, Georgia",60
"Columbia County, Georgia",20
"Coweta County, Georgia",85
"DeKalb County, Georgia",85
"Dougherty County, Georgia",55
"Douglas County, Georgia",30
"Effingham County, Georgia",75
"Floyd County, Georgia",50
"Forsyth County, Georgia",105
"Fulton County, Georgia",215
"Glynn County, Georgia",25
"Gordon County, Georgia",65
"Gwinnett County, Georgia",150
"Hall County, Georgia",205
"Henry County, Georgia",80
"Houston County, Georgia",75
"Jackson County, Georgia",205
"Lowndes County, Georgia",115
"Muscogee County, Georgia",55
"Newton County, Georgia",55
"Paulding County, Georgia",60
"Richmond County, Georgia",25
"Spalding County, Georgia",15
"Troup County, Georgia",60
"Walker County, Georgia",75
"Walton County, Georgia",35
"Whitfield County, Georgia",150
"Hawaii County, Hawaii",1785
"Honolulu County, Hawaii",980
"Kauai County, Hawaii",230
"Maui County, Hawaii",475
"Ada County, Idaho",340
"Bannock County, Idaho",145
"Bonneville County, Idaho",195
"Canyon County, Idaho",825
"Kootenai County, Idaho",155
"Twin Falls County, Idaho",655
"Adams County, Illinois",345
"Boone County, Illinois",135
"Champaign County, Illinois",575
"Coles County, Illinois",140
"Cook County, Illinois",900
"DeKalb County, Illinois",280
"DuPage County, Illinois",185
"Grundy County, Illinois",150
"Henry County, Illinois",410
"Jackson County, Illinois",145
"Kane County, Illinois",410
"Kankakee County, Illinois",420
"Kendall County, Illinois",160
"Knox County, Illinois",355
"Lake County, Illinois",85
"LaSalle County, Illinois",685
"McHenry County, Illinois",405
"McLean County, Illinois",590
"Macon County, Illinois",315
"Madison County, Illinois",345
"Ogle County, Illinois",455
"Peoria County, Illinois",330
"Rock Island County, Illinois",365
"St. Clair County, Illinois",295
"Sangamon County, Illinois",475
"Tazewell County, Illinois",385
"Vermilion County, Illinois",405
"Whiteside County, Illinois",445
"Will County, Illinois",415
"Williamson County, Illinois",80
"Winnebago County, Illinois",210
"Allen County, Indiana",270
"Bartholomew County, Indiana",205
"Boone County, Indiana",240
"Clark County, Indiana",95
"Dearborn County, Indiana",75
"Delaware County, Indiana",215
"Elkhart County, Indiana",420
"Floyd County, Indiana",65
"Grant County, Indiana",195
"Hamilton County, Indiana",150
"Hancock County, Indiana",300
"Hendricks County, Indiana",170
"Howard County, Indiana",130
"Johnson County, Indiana",240
"Kosciusko County, Indiana",490
"Lake County, Indiana",185
"LaPorte County, Indiana",305
"Madison County, Indiana",225
"Marion County, Indiana",220
"Monroe County, Indiana",110
"Morgan County, Indiana",230
"Porter County, Indiana",160
"St. Joseph County, Indiana",185
"Tippecanoe County, Indiana",240
"Vanderburgh County, Indiana",290
"Vigo County, Indiana",55
"Warrick County, Indiana",100
"Wayne County, Indiana",225
"Black Hawk County, Iowa",245
"Dallas County, Iowa",245
"Dubuque County, Iowa",740
"Johnson County, Iowa",585
"Linn County, Iowa",615
"Polk County, Iowa",455
"Pottawattamie County, Iowa",745
"Scott County, Iowa",430
"Story County, Iowa",530
"Woodbury County, Iowa",620
"Butler County, Kansas",210
"Douglas County, Kansas",240
"Johnson County, Kansas",400
"Leavenworth County, Kansas",90
"Reno County, Kansas",490
"Riley County, Kansas",270
"Saline County, Kansas",345
"Sedgwick County, Kansas",705
"Shawnee County, Kansas",215
"Wyandotte County, Kansas",45
"Boone County, Kentucky",60
"Bullitt County, Kentucky",130
"Campbell County, Kentucky",15
"Christian County, Kentucky",435
"Daviess County, Kentucky",465
"Fayette County, Kentucky",660
"Hardin County, Kentucky",210
"Jefferson County, Kentucky",190
"Kenton County, Kentucky",25
"Laurel County, Kentucky",100
"McCracken County, Kentucky",35
"Madison County, Kentucky",255
"Oldham County, Kentucky",205
"Pike County, Kentucky",25
"Pulaski County, Kentucky",265
"Warren County, Kentucky",440
"Acadia Parish, Louisiana",345
"Ascension Parish, Louisiana",50
"Bossier Parish, Louisiana",60
"Caddo Parish, Louisiana",145
"Calcasieu Parish, Louisiana",180
"East Baton Rouge Parish, Louisiana",175
"Iberia Parish, Louisiana",165
"Jefferson Parish, Louisiana",30
"Lafayette Parish, Louisiana",165
"Lafourche Parish, Louisiana",100
"Livingston Parish, Louisiana",60
"Orleans Parish, Louisiana",125
"Ouachita Parish, Louisiana",125
"Rapides Parish, Louisiana",280
"St. Landry Parish, Louisiana",270
"St. Martin Parish, Louisiana",80
"St. Mary Parish, Louisiana",60
"St. Tammany Parish, Louisiana",105
"Tangipahoa Parish, Louisiana",355
"Terrebonne Parish, Louisiana",225
"Vermilion Parish, Louisiana",275
"Vernon Parish, Louisiana",60
"Androscoggin County, Maine",130
"Aroostook County, Maine",410
"Cumberland County, Maine",285
"Hancock County, Maine",110
"Kennebec County, Maine",215
"Oxford County, Maine",80
"Penobscot County, Maine",245
"Somerset County, Maine",205
"York County, Maine",250
"Allegany County, Maryland",15
"Anne Arundel County, Maryland",155
"Baltimore County, Maryland",390
"Calvert County, Maryland",85
"Carroll County, Maryland",465
"Cecil County, Maryland",205
"Charles County, Maryland",135
"Frederick County, Maryland",435
"Harford County, Maryland",230
"Howard County, Maryland",130
"Montgomery County, Maryland",315
"Prince George's County, Maryland",170
"St. Mary's County, Maryland",265
"Washington County, Maryland",320
"Wicomico County, Maryland",290
"Worcester County, Maryland",195
"Baltimore city, Maryland",30
"Barnstable County, Massachusetts",115
"Berkshire County, Massachusetts",225
"Bristol County, Massachusetts",240
"Essex County, Massachusetts",225
"Franklin County, Massachusetts",375
"Hampden County, Massachusetts",135
"Hampshire County, Massachusetts",230
"Middlesex County, Massachusetts",525
"Norfolk County, Massachusetts",80
"Plymouth County, Massachusetts",360
"Suffolk County, Massachusetts",135
"Worcester County, Massachusetts",570
"Allegan County, Michigan",615
"Barry County, Michigan",165
"Bay County, Michigan",215
"Berrien County, Michigan",425
"Calhoun County, Michigan",400
"Cass County, Michigan",220
"Clinton County, Michigan",345
"Eaton County, Michigan",200
"Genesee County, Michigan",245
"Grand Traverse County, Michigan",125
"Ingham County, Michigan",490
"Ionia County, Michigan",415
"Isabella County, Michigan",345
"Jackson County, Michigan",250
"Kalamazoo County, Michigan",290
"Kent County, Michigan",335
"Lapeer County, Michigan",220
"Lenawee County, Michigan",360
"Livingston County, Michigan",235
"Macomb County, Michigan",220
"Marquette County, Michigan",35
"Midland County, Michigan",65
"Monroe County, Michigan",140
"Montcalm County, Michigan",340
"Muskegon County, Michigan",165
"Oakland County, Michigan",260
"Ottawa County, Michigan",510
"Saginaw County, Michigan",415
"St. Clair County, Michigan",220
"St. Joseph County, Michigan",230
"Shiawassee County, Michigan",295
"Tuscola County, Michigan",285
"Van Buren County, Michigan",260
"Washtenaw County, Michigan",300
"Wayne County, Michigan",300
"Anoka County, Minnesota",320
"Blue Earth County, Minnesota",600
"Carver County, Minnesota",375
"Chisago County, Minnesota",185
"Clay County, Minnesota",435
"Crow Wing County, Minnesota",90
"Dakota County, Minnesota",390
"Hennepin County, Minnesota",1005
"Olmsted County, Minnesota",630
"Otter Tail County, Minnesota",885
"Ramsey County, Minnesota",480
"Rice County, Minnesota",435
"St. Louis County, Minnesota",250
"Scott County, Minnesota",300
"Sherburne County, Minnesota",115
"Stearns County, Minnesota",1640
"Washington County, Minnesota",385
"Winona County, Minnesota",660
"Wright County, Minnesota",490
"DeSoto County, Mississippi",130
"Forrest County, Mississippi",80
"Harrison County, Mississippi",175
"Hinds County, Mississippi",90
"Jackson County, Mississippi",80
"Jones County, Mississippi",260
"Lamar County, Mississippi",30
"Lauderdale County, Mississippi",25
"Lee County, Mississippi",85
"Lowndes County, Mississippi",65
"Madison County, Mississippi",110
"Pearl River County, Mississippi",40
"Rankin County, Mississippi",150
"Washington County, Mississippi",265
"Boone County, Missouri",285
"Buchanan County, Missouri",305
"Cape Girardeau County, Missouri",240
"Cass County, Missouri",310
"Christian County, Missouri",160
"Clay County, Missouri",220
"Cole County, Missouri",245
"Franklin County, Missouri",150
"Greene County, Missouri",255
"Jackson County, Missouri",405
"Jasper County, Missouri",395
"Jefferson County, Missouri",175
"Johnson County, Missouri",255
"Lincoln County, Missouri",210
"Newton County, Missouri",475
"Platte County, Missouri",75
"Pulaski County, Missouri",170
"St. Charles County, Missouri",260
"St. Francois County, Missouri",90
"St. Louis County, Missouri",380
"Taney County, Missouri",65
"St. Louis city, Missouri",60
"Cascade County, Montana",450
"Flathead County, Montana",335
"Gallatin County, Montana",535
"Lewis and Clark County, Montana",220
"Missoula County, Montana",210
"Yellowstone County, Montana",710
"Douglas County, Nebraska",635
"Hall County, Nebraska",435
"Lancaster County, Nebraska",785
"Sarpy County, Nebraska",220
"Clark County, Nevada",155
"Lyon County, Nevada",125
"Washoe County, Nevada",200
"Carson City, Nevada",20
"Belknap County, New Hampshire",40
"Cheshire County, New Hampshire",70
"Grafton County, New Hampshire",205
"Hillsborough County, New Hampshire",200
"Merrimack County, New Hampshire",145
"Rockingham County, New Hampshire",195
"Strafford County, New Hampshire",135
"Atlantic County, New Jersey",185
"Bergen County, New Jersey",90
"Burlington County, New Jersey",260
"Camden County, New Jersey",110
"Cape May County, New Jersey",25
"Cumberland County, New Jersey",235
"Essex County, New Jersey",65
"Gloucester County, New Jersey",145
"Hudson County, New Jersey",45
"Hunterdon County, New Jersey",255
"Mercer County, New Jersey",165
"Middlesex County, New Jersey",50
"Monmouth County, New Jersey",405
"Morris County, New Jersey",75
"Ocean County, New Jersey",175
"Salem County, New Jersey",210
"Somerset County, New Jersey",70
"Sussex County, New Jersey",125
"Union County, New Jersey",10
"Warren County, New Jersey",355
"Bernalillo County, New Mexico",365
"Chaves County, New Mexico",280
"Do�a Ana County, New Mexico",520
"Eddy County, New Mexico",215
"Lea County, New Mexico",215
"McKinley County, New Mexico",75
"Otero County, New Mexico",60
"Sandoval County, New Mexico",105
"San Juan County, New Mexico",105
"Santa Fe County, New Mexico",165
"Valencia County, New Mexico",100
"Albany County, New York",295
"Bronx County, New York",10
"Broome County, New York",160
"Cattaraugus County, New York",325
"Cayuga County, New York",640
"Chautauqua County, New York",575
"Chemung County, New York",80
"Chenango County, New York",585
"Clinton County, New York",345
"Columbia County, New York",240
"Dutchess County, New York",310
"Erie County, New York",620
"Franklin County, New York",325
"Fulton County, New York",100
"Genesee County, New York",455
"Herkimer County, New York",490
"Jefferson County, New York",325
"Kings County, New York",175
"Livingston County, New York",435
"Madison County, New York",555
"Monroe County, New York",270
"Montgomery County, New York",320
"Nassau County, New York",190
"New York County, New York",390
"Niagara County, New York",545
"Oneida County, New York",405
"Onondaga County, New York",280
"Ontario County, New York",545
"Orange County, New York",265
"Oswego County, New York",220
"Otsego County, New York",445
"Putnam County, New York",70
"Queens County, New York",145
"Rensselaer County, New York",220
"Richmond County, New York",10
"Rockland County, New York",45
"St. Lawrence County, New York",600
"Saratoga County, New York",325
"Schenectady County, New York",100
"Steuben County, New York",635
"Suffolk County, New York",680
"Sullivan County, New York",215
"Tioga County, New York",130
"Tompkins County, New York",210
"Ulster County, New York",280
"Warren County, New York",25
"Washington County, New York",420
"Wayne County, New York",480
"Westchester County, New York",205
"Alamance County, North Carolina",230
"Brunswick County, North Carolina",95
"Buncombe County, North Carolina",350
"Burke County, North Carolina",15
"Cabarrus County, North Carolina",65
"Caldwell County, North Carolina",40
"Carteret County, North Carolina",35
"Catawba County, North Carolina",165
"Chatham County, North Carolina",335
"Cleveland County, North Carolina",215
"Columbus County, North Carolina",160
"Craven County, North Carolina",150
"Cumberland County, North Carolina",360
"Davidson County, North Carolina",170
"Duplin County, North Carolina",640
"Durham County, North Carolina",75
"Edgecombe County, North Carolina",185
"Forsyth County, North Carolina",150
"Franklin County, North Carolina",130
"Gaston County, North Carolina",140
"Granville County, North Carolina",95
"Guilford County, North Carolina",360
"Halifax County, North Carolina",140
"Harnett County, North Carolina",215
"Haywood County, North Carolina",75
"Henderson County, North Carolina",150
"Iredell County, North Carolina",215
"Johnston County, North Carolina",385
"Lee County, North Carolina",75
"Lenoir County, North Carolina",190
"Lincoln County, North Carolina",165
"Mecklenburg County, North Carolina",115
"Moore County, North Carolina",230
"Nash County, North Carolina",205
"New Hanover County, North Carolina",65
"Onslow County, North Carolina",215
"Orange County, North Carolina",280
"Pender County, North Carolina",110
"Pitt County, North Carolina",290
"Randolph County, North Carolina",460
"Robeson County, North Carolina",570
"Rockingham County, North Carolina",190
"Rowan County, North Carolina",130
"Rutherford County, North Carolina",50
"Sampson County, North Carolina",775
"Stanly County, North Carolina",135
"Surry County, North Carolina",275
"Union County, North Carolina",395
"Wake County, North Carolina",405
"Watauga County, North Carolina",40
"Wayne County, North Carolina",435
"Wilkes County, North Carolina",415
"Wilson County, North Carolina",95
"Burleigh County, North Dakota",525
"Cass County, North Dakota",780
"Grand Forks County, North Dakota",485
"Ward County, North Dakota",555
"Allen County, Ohio",295
"Ashland County, Ohio",400
"Ashtabula County, Ohio",180
"Athens County, Ohio",70
"Belmont County, Ohio",80
"Butler County, Ohio",100
"Clark County, Ohio",245
"Clermont County, Ohio",170
"Columbiana County, Ohio",275
"Cuyahoga County, Ohio",130
"Darke County, Ohio",500
"Delaware County, Ohio",220
"Erie County, Ohio",185
"Fairfield County, Ohio",290
"Franklin County, Ohio",400
"Geauga County, Ohio",305
"Greene County, Ohio",290
"Hamilton County, Ohio",95
"Hancock County, Ohio",250
"Huron County, Ohio",250
"Jefferson County, Ohio",105
"Knox County, Ohio",290
"Lake County, Ohio",110
"Lawrence County, Ohio",15
"Licking County, Ohio",305
"Lorain County, Ohio",245
"Lucas County, Ohio",130
"Mahoning County, Ohio",210
"Marion County, Ohio",175
"Medina County, Ohio",300
"Miami County, Ohio",175
"Montgomery County, Ohio",190
"Muskingum County, Ohio",240
"Pickaway County, Ohio",335
"Portage County, Ohio",180
"Richland County, Ohio",205
"Ross County, Ohio",185
"Sandusky County, Ohio",280
"Scioto County, Ohio",75
"Seneca County, Ohio",245
"Stark County, Ohio",355
"Summit County, Ohio",100
"Trumbull County, Ohio",215
"Tuscarawas County, Ohio",275
"Union County, Ohio",265
"Warren County, Ohio",175
"Washington County, Ohio",155
"Wayne County, Ohio",1100
"Wood County, Ohio",185
"Canadian County, Oklahoma",320
"Cleveland County, Oklahoma",80
"Comanche County, Oklahoma",205
"Creek County, Oklahoma",75
"Garfield County, Oklahoma",475
"Grady County, Oklahoma",285
"Le Flore County, Oklahoma",315
"Muskogee County, Oklahoma",185
"Oklahoma County, Oklahoma",445
"Payne County, Oklahoma",320
"Pottawatomie County, Oklahoma",205
"Rogers County, Oklahoma",140
"Tulsa County, Oklahoma",370
"Wagoner County, Oklahoma",80
"Washington County, Oklahoma",100
"Benton County, Oregon",295
"Clackamas County, Oregon",705
"Coos County, Oregon",525
"Deschutes County, Oregon",340
"Douglas County, Oregon",395
"Jackson County, Oregon",465
"Josephine County, Oregon",110
"Klamath County, Oregon",370
"Lane County, Oregon",665
"Linn County, Oregon",625
"Marion County, Oregon",975
"Multnomah County, Oregon",570
"Polk County, Oregon",430
"Umatilla County, Oregon",585
"Washington County, Oregon",460
"Yamhill County, Oregon",360
"Adams County, Pennsylvania",490
"Allegheny County, Pennsylvania",290
"Armstrong County, Pennsylvania",145
"Beaver County, Pennsylvania",105
"Berks County, Pennsylvania",1085
"Blair County, Pennsylvania",465
"Bradford County, Pennsylvania",560
"Bucks County, Pennsylvania",485
"Butler County, Pennsylvania",290
"Cambria County, Pennsylvania",100
"Carbon County, Pennsylvania",45
"Centre County, Pennsylvania",345
"Chester County, Pennsylvania",1165
"Clearfield County, Pennsylvania",80
"Columbia County, Pennsylvania",170
"Crawford County, Pennsylvania",360
"Cumberland County, Pennsylvania",500
"Dauphin County, Pennsylvania",295
"Delaware County, Pennsylvania",100
"Erie County, Pennsylvania",355
"Fayette County, Pennsylvania",70
"Franklin County, Pennsylvania",1025
"Indiana County, Pennsylvania",390
"Lackawanna County, Pennsylvania",140
"Lancaster County, Pennsylvania",3540
"Lawrence County, Pennsylvania",150
"Lebanon County, Pennsylvania",665
"Lehigh County, Pennsylvania",325
"Luzerne County, Pennsylvania",115
"Lycoming County, Pennsylvania",185
"Mercer County, Pennsylvania",270
"Monroe County, Pennsylvania",90
"Montgomery County, Pennsylvania",265
"Northampton County, Pennsylvania",105
"Northumberland County, Pennsylvania",325
"Philadelphia County, Pennsylvania",275
"Pike County, Pennsylvania",85
"Schuylkill County, Pennsylvania",330
"Somerset County, Pennsylvania",505
"Venango County, Pennsylvania",80
"Washington County, Pennsylvania",280
"Wayne County, Pennsylvania",205
"Westmoreland County, Pennsylvania",260
"York County, Pennsylvania",705
"Kent County, Rhode Island",40
"Newport County, Rhode Island",20
"Providence County, Rhode Island",115
"Washington County, Rhode Island",80
"Aiken County, South Carolina",215
"Anderson County, South Carolina",95
"Beaufort County, South Carolina",85
"Berkeley County, South Carolina",30
"Charleston County, South Carolina",75
"Cherokee County, South Carolina",40
"Darlington County, South Carolina",200
"Dorchester County, South Carolina",50
"Florence County, South Carolina",70
"Georgetown County, South Carolina",70
"Greenville County, South Carolina",160
"Greenwood County, South Carolina",15
"Horry County, South Carolina",160
"Kershaw County, South Carolina",55
"Lancaster County, South Carolina",90
"Laurens County, South Carolina",230
"Lexington County, South Carolina",300
"Oconee County, South Carolina",150
"Orangeburg County, South Carolina",235
"Pickens County, South Carolina",100
"Richland County, South Carolina",235
"Spartanburg County, South Carolina",155
"Sumter County, South Carolina",85
"York County, South Carolina",190
"Minnehaha County, South Dakota",580
"Pennington County, South Dakota",535
"Anderson County, Tennessee",55
"Blount County, Tennessee",125
"Bradley County, Tennessee",105
"Carter County, Tennessee",90
"Coffee County, Tennessee",125
"Cumberland County, Tennessee",165
"Davidson County, Tennessee",185
"Greene County, Tennessee",165
"Hamblen County, Tennessee",75
"Hamilton County, Tennessee",195
"Hawkins County, Tennessee",215
"Jefferson County, Tennessee",195
"Knox County, Tennessee",245
"McMinn County, Tennessee",125
"Madison County, Tennessee",70
"Maury County, Tennessee",125
"Montgomery County, Tennessee",275
"Putnam County, Tennessee",105
"Roane County, Tennessee",50
"Robertson County, Tennessee",350
"Rutherford County, Tennessee",255
"Sevier County, Tennessee",85
"Shelby County, Tennessee",340
"Sullivan County, Tennessee",115
"Sumner County, Tennessee",185
"Tipton County, Tennessee",75
"Washington County, Tennessee",215
"Williamson County, Tennessee",280
"Wilson County, Tennessee",145
"Anderson County, Texas",130
"Angelina County, Texas",85
"Bastrop County, Texas",200
"Bell County, Texas",320
"Bexar County, Texas",775
"Bowie County, Texas",105
"Brazoria County, Texas",215
"Brazos County, Texas",220
"Cameron County, Texas",400
"Cherokee County, Texas",225
"Collin County, Texas",315
"Comal County, Texas",225
"Coryell County, Texas",120
"Dallas County, Texas",615
"Denton County, Texas",185
"Ector County, Texas",105
"Ellis County, Texas",185
"El Paso County, Texas",305
"Fort Bend County, Texas",340
"Galveston County, Texas",55
"Grayson County, Texas",370
"Gregg County, Texas",150
"Guadalupe County, Texas",260
"Hardin County, Texas",80
"Harris County, Texas",845
"Harrison County, Texas",35
"Hays County, Texas",140
"Henderson County, Texas",270
"Hidalgo County, Texas",840
"Hood County, Texas",80
"Hunt County, Texas",210
"Jefferson County, Texas",235
"Johnson County, Texas",130
"Kaufman County, Texas",200
"Liberty County, Texas",125
"Lubbock County, Texas",645
"McLennan County, Texas",315
"Maverick County, Texas",90
"Midland County, Texas",95
"Montgomery County, Texas",265
"Nacogdoches County, Texas",260
"Nueces County, Texas",340
"Orange County, Texas",15
"Parker County, Texas",325
"Potter County, Texas",115
"Randall County, Texas",255
"Rockwall County, Texas",15
"Rusk County, Texas",140
"San Patricio County, Texas",155
"Smith County, Texas",180
"Starr County, Texas",170
"Tarrant County, Texas",565
"Taylor County, Texas",145
"Tom Green County, Texas",220
"Travis County, Texas",345
"Van Zandt County, Texas",265
"Victoria County, Texas",180
"Walker County, Texas",130
"Webb County, Texas",125
"Wichita County, Texas",170
"Williamson County, Texas",505
"Wise County, Texas",255
"Box Elder County, Utah",410
"Cache County, Utah",440
"Davis County, Utah",140
"Salt Lake County, Utah",230
"Tooele County, Utah",35
"Utah County, Utah",545
"Washington County, Utah",130
"Weber County, Utah",145
"Chittenden County, Vermont",275
"Rutland County, Vermont",245
"Washington County, Vermont",160
"Windsor County, Vermont",215
"Albemarle County, Virginia",360
"Arlington County, Virginia",40
"Augusta County, Virginia",335
"Bedford County, Virginia",175
"Campbell County, Virginia",95
"Chesterfield County, Virginia",95
"Fairfax County, Virginia",220
"Fauquier County, Virginia",290
"Franklin County, Virginia",215
"Frederick County, Virginia",85
"Hanover County, Virginia",170
"Henrico County, Virginia",60
"Henry County, Virginia",20
"James City County, Virginia",15
"Loudoun County, Virginia",575
"Montgomery County, Virginia",175
"Pittsylvania County, Virginia",255
"Prince William County, Virginia",155
"Roanoke County, Virginia",25
"Rockingham County, Virginia",785
"Spotsylvania County, Virginia",45
"Stafford County, Virginia",65
"Washington County, Virginia",140
"York County, Virginia",25
"Alexandria city, Virginia",10
"Chesapeake city, Virginia",175
"Lynchburg city, Virginia",10
"Newport News city, Virginia",20
"Norfolk city, Virginia",10
"Richmond city, Virginia",25
"Roanoke city, Virginia",20
"Suffolk city, Virginia",25
"Virginia Beach city, Virginia",240
"Benton County, Washington",750
"Chelan County, Washington",450
"Clallam County, Washington",265
"Clark County, Washington",255
"Cowlitz County, Washington",20
"Franklin County, Washington",680
"Grant County, Washington",935
"Grays Harbor County, Washington",250
"Island County, Washington",130
"King County, Washington",775
"Kitsap County, Washington",55
"Lewis County, Washington",195
"Mason County, Washington",205
"Pierce County, Washington",395
"Skagit County, Washington",225
"Snohomish County, Washington",490
"Spokane County, Washington",515
"Thurston County, Washington",355
"Walla Walla County, Washington",355
"Whatcom County, Washington",625
"Yakima County, Washington",1405
"Berkeley County, West Virginia",45
"Cabell County, West Virginia",30
"Harrison County, West Virginia",15
"Jefferson County, West Virginia",105
"Kanawha County, West Virginia",50
"Marion County, West Virginia",20
"Mercer County, West Virginia",45
"Monongalia County, West Virginia",70
"Putnam County, West Virginia",30
"Wood County, West Virginia",20
"Brown County, Wisconsin",630
"Chippewa County, Wisconsin",795
"Columbia County, Wisconsin",600
"Dane County, Wisconsin",1295
"Dodge County, Wisconsin",1145
"Eau Claire County, Wisconsin",515
"Fond du Lac County, Wisconsin",815
"Grant County, Wisconsin",1355
"Jefferson County, Wisconsin",465
"Kenosha County, Wisconsin",180
"La Crosse County, Wisconsin",420
"Manitowoc County, Wisconsin",805
"Marathon County, Wisconsin",1215
"Milwaukee County, Wisconsin",610
"Outagamie County, Wisconsin",625
"Ozaukee County, Wisconsin",190
"Portage County, Wisconsin",450
"Racine County, Wisconsin",375
"Rock County, Wisconsin",530
"St. Croix County, Wisconsin",555
"Sauk County, Wisconsin",855
"Sheboygan County, Wisconsin",465
"Walworth County, Wisconsin",430
"Washington County, Wisconsin",510
"Waukesha County, Wisconsin",265
"Waupaca County, Wisconsin",585
"Winnebago County, Wisconsin",490
"Wood County, Wisconsin",565
"Laramie County, Wyoming",365
"Natrona County, Wyoming",120
